a_recovered,v_recovered,t_recovered
1.2651211066333055,1.6446915658011427,0.1743346205470424
